{
  "openapi": "3.0.0",
  "info": {
    "version": "1.0.0",
    "title": "Valid-OASdoc",
    "license": {
      "name": "MIT"
    }
  },
  "paths": {
    "/pets": {
      "get": {
        "summary": "List all pets",
        "operationId": "listPets",
        "tags": [
          "pets"
        ],
        "parameters": [
          {
            "name": "limit",
            "in": "query",
            "description": "How many items to return at one time (max 100)",
            "required": true,
            "schema": {
              "type": "integer",
              "format": "int32"
            }
          }
        ],
        "responses": {
          "200": {
            "description": "An paged array of pets",
            "headers": {
              "x-next": {
                "description": "A link to the next page of responses",
                "schema": {
                  "type": "string"
                }
              }
            },
            "content": {
              "application/json": {
                "schema": {
                  "$ref": "#/components/schemas/Pets"
                }
              }
            }
          },
          "default": {
            "description": "unexpected error",
            "content": {
              "application/json": {
                "schema": {
                  "$ref": "#/components/schemas/Error"
                }
              }
            }
          }
        },
        "x-router-controller": "petsController"
      },
      "post": {
        "summary": "Create a pet",
        "operationId": "createPets",
        "tags": [
          "pets"
        ],
        "requestBody": {
          "description": "Pet to add to the store",
          "required": true,
          "content": {
            "application/json": {
              "schema": {
                "$ref": "#/components/schemas/Pet"
              }
            }
          }
        },
        "responses": {
          "201": {
            "description": "Update status",
            "content": {
              "application/json": {
                "schema": {
                  "$ref": "#/components/schemas/Pets"
                }
              }
            }
          },
          "default": {
            "description": "unexpected error",
            "content": {
              "application/json": {
                "schema": {
                  "$ref": "#/components/schemas/Error"
                }
              }
            }
          }
        },
        "x-router-controller": "petsController"
      },
      "delete": {
        "description": "deletes all the pets",
        "operationId": "deletePets",
        "responses": {
          "204": {
            "description": "pets deleted"
          },
          "default": {
            "description": "unexpected error",
            "content": {
              "application/json": {
                "schema": {
                  "$ref": "#/components/schemas/Error"
                }
              }
            }
          }
        },
        "x-router-controller": "petsController"
      }
    },
    "/pets/{petId}": {
      "get": {
        "summary": "Info for a specific pet",
        "operationId": "showPetById",
        "tags": [
          "pets"
        ],
        "parameters": [
          {
            "name": "petId",
            "in": "path",
            "required": true,
            "description": "The id of the pet to retrieve",
            "schema": {
              "type": "integer"
            }
          }
        ],
        "responses": {
          "200": {
            "description": "Expected response to a valid request",
            "content": {
              "application/json": {
                "schema": {
                  "$ref": "#/components/schemas/Pet"
                }
              }
            }
          },
          "404": {
            "description": "pet not found"
          },
          "default": {
            "description": "unexpected error",
            "content": {
              "application/json": {
                "schema": {
                  "$ref": "#/components/schemas/Error"
                }
              }
            }
          }
        },
        "x-router-controller": "petsController"
      },
      "put": {
        "description": "updates a pet based on its petId",
        "operationId": "updatePet",
        "parameters": [
          {
            "name": "petId",
            "in": "path",
            "description": "ID of pet to update",
            "required": true,
            "schema": {
              "type": "integer",
              "format": "int64"
            }
          }
        ],
        "requestBody": {
          "description": "Pet to update",
          "required": true,
          "content": {
            "application/json": {
              "schema": {
                "$ref": "#/components/schemas/Pet"
              }
            }
          }
        },
        "responses": {
          "200": {
            "description": "pet updated"
          },
          "404": {
            "description": "pet not found"
          },
          "default": {
            "description": "unexpected error",
            "content": {
              "application/json": {
                "schema": {
                  "$ref": "#/components/schemas/Error"
                }
              }
            }
          }
        },
        "x-router-controller": "petsController"
      },
      "delete": {
        "description": "deletes a single pet based on the ID supplied",
        "operationId": "deletePet",
        "parameters": [
          {
            "name": "petId",
            "in": "path",
            "required": true,
            "description": "The id of the pet to delete",
            "schema": {
              "type": "integer"
            }
          }
        ],
        "responses": {
          "204": {
            "description": "pet deleted"
          },
          "404": {
            "description": "pet not found"
          },
          "default": {
            "description": "unexpected error",
            "content": {
              "application/json": {
                "schema": {
                  "$ref": "#/components/schemas/Error"
                }
              }
            }
          }
        },
        "x-router-controller": "petsController"
      }
    }
  },
  "components": {
    "schemas": {
      "Pet": {
        "required": [
          "id",
          "name"
        ],
        "properties": {
          "id": {
            "type": "integer",
            "format": "int64"
          },
          "name": {
            "type": "string"
          },
          "tag": {
            "type": "string"
          }
        }
      },
      "Pets": {
        "type": "array",
        "items": {
          "$ref": "#/components/schemas/Pet"
        }
      },
      "Error": {
        "required": [
          "code",
          "message"
        ],
        "properties": {
          "code": {
            "type": "integer",
            "format": "int32"
          },
          "message": {
            "type": "string"
          }
        }
      }
    }
  }
}
